review_id,order_id,review_score,review_comment_title,review_comment_message,review_creation_date,review_answer_timestamp
7bc2406110b926393aa56f80a40eba40,73fc7af87114b39712e6da79b0a377eb,4,,,18.01.18 00:00,18.01.18 21:46
80e641a11e56f04c1ad469d5645fdfde,a548910a1c6147796b98fdf73dbeba33,5,,,10.03.18 00:00,11.03.18 03:05
228ce5500dc1d8e020d8d1322874b6f0,f9e4b658b201a9f2ecdecbb34bed034b,5,,,17.02.18 00:00,18.02.18 14:36
e64fb393e7b32834bb789ff8bb30750e,658677c97b385a9be170737859d3511b,5,,Recebi bem antes do prazo estipulado.,21.04.17 00:00,21.04.17 22:02
f7c4243c7fe1938f181bec41a392bdeb,8e6bfb81e283fa7e4f11123a3fb894f1,5,,Parabéns lojas lannister adorei comprar pela Internet seguro e prático Parabéns a todos feliz Páscoa,01.03.18 00:00,02.03.18 10:26
15197aa66ff4d0650b5434f1b46cda19,b18dcdf73be66366873cd26c5724d1dc,1,,,13.04.18 00:00,16.04.18 00:39
07f9bee5d1b850860defd761afa7ff16,e48aa0d2dcec3a2e87348811bcfdf22b,5,,,16.07.17 00:00,18.07.17 19:30
7c6400515c67679fbee952a7525281ef,c31a859e34e3adac22f376954e19b39d,5,,,14.08.18 00:00,14.08.18 21:36
a3f6f7f6f433de0aefbb97da197c554c,9c214ac970e84273583ab523dfafd09b,5,,,17.05.17 00:00,18.05.17 12:05
8670d52e15e00043ae7de4c01cc2fe06,b9bf720beb4ab3728760088589c62129,4,recomendo,aparelho eficiente. no site a marca do aparelho esta impresso como 3desinfector e ao chegar esta com outro nome...atualizar com a marca correta uma vez que é o mesmo aparelho,22.05.18 00:00,23.05.18 16:45
c9cfd2d5ab5911836ababae136c3a10c,cdf9aa68e72324eeb25c7de974696ee2,5,,,23.12.17 00:00,26.12.17 14:36
96052551d87e5f62e6c9f6974ec392e9,3d374c9e46530bb5ed4a7648915306a6,5,,,19.12.17 00:00,20.12.17 10:25
4b49719c8a200003f700d3d986ea1a19,9d6f15f95d01e79bd1349cc208361f09,4,,"Mas um pouco ,travando...pelo valor ta Boa.",,
,16.02.18 00:00,20.02.18 10:52,,,16.02.18 00:00,20.02.18 10:52
9a0abbb668bafb95a6d2b05db43284c4,d7bd0e4afdf94846eb73642b4e3e75c3,3,,,30.04.17 00:00,03.05.17 00:02
3948b09f7c818e2d86c9a546758b2335,e51478e7e277a83743b6f9991dbfa3fb,5,Super recomendo,"Vendedor confiável, produto ok e entrega antes do prazo.",23.05.18 00:00,24.05.18 03:00
9314d6f9799f5bfba510cc7bcd468c01,0dacf04c5ad59fd5a0cc1faa07c34e39,2,,"GOSTARIA DE SABER O QUE HOUVE, SEMPRE RECEBI E ESSA COMPRA AGORA ME DECPCIONOU",18.01.18 00:00,20.01.18 21:25
8e15a274d95600fa14f8be64e37a0e67,ff1581e08b3011021e7c7de592ddc81e,5,,,24.03.18 00:00,26.03.18 15:58
fdbdb2629a7cde0f66657acc92084e7f,70a752414a13d09cc1f2b437b914b28e,3,,,29.09.17 00:00,02.10.17 01:12
373cbeecea8286a2b66c97b1b157ec46,583174fbe37d3d5f0d6661be3aad1786,1,Não chegou meu produto ,Péssimo,15.08.18 00:00,15.08.18 04:10
a2ff510ca4e059c3fefc7a7866571f6f,a9953b2f0b1665ac7586cc5a6ac8f58c,4,,,06.10.17 00:00,08.10.17 22:36
80c70bc263881ba6525f6cee1d94ac87,ae168dfba236919411fe08f336fefa44,5,,,17.03.18 00:00,04.04.18 19:41
d21bbc789670eab777d27372ab9094cc,4fc44d78867142c627497b60a7e0228a,5,Ótimo,Loja nota 10,10.07.18 00:00,11.07.18 14:10
7bcb3c758c67f23638262c731493e848,7c9956750739a47dba7a6928ba2f0245,5,,,09.09.17 00:00,17.10.17 02:25
0e0190b9db53b689b285d3f3916f8441,79832b7cb59ac6f887088ffd686e1d5e,5,,obrigado pela atençao amim dispensada,01.12.17 00:00,09.12.17 22:58
66e4430c5bc6b7e3773886bf1c14d912,84cec4f65c7a4f2f54c294a30224a594,5,,,23.06.17 00:00,27.06.17 00:52
bf566b3910c328733baf7fca7d2be041,a59a15e4b6085c752d338431dc68d464,4,,,01.11.17 00:00,01.11.17 20:25
fe3db7c069d694bab50cc43463f91608,2ca73e2ff9e3a186ad1e1ffb9b1d9c10,5,,A compra foi realizada facilmente.,,
A entrega foi efetuada muito antes do prazo dado.,,,,,,
O produto já começou a ser usado e até o presente,,,,,,
"""sem problemas.""""""",23.03.18 00:00,01.04.18 00:27,,,23.03.18 00:00,01.04.18 00:27
e07eee7ad7666276bd8b27fbd83fd1ff,68b3cbc68e4cd1fe19bec35f1d3bb7ee,5,,relógio muito bonito e barato.,29.03.18 00:00,02.04.18 14:19
2c5e27fc178bde7ac173c9c62c31b070,0ce9a24111d850192a933fcaab6fbad3,1,,Não gostei ! Comprei gato por lebre,13.12.17 00:00,16.12.17 07:14
540e7bbb2d06cfb7f85f3a88ba7ac97f,cf73e2cb1f4a9480ed70c154da3d954a,5,,,18.01.18 00:00,18.01.18 19:12
6a18a4001ae7fd911b3b9fb13686d105,8ba3f3a9292fbc22a8b7dff752bbcd37,5,,,19.07.17 00:00,20.07.17 10:38
58044bca115705a48fe0e00a21390c54,68e55ca79d04a79f20d4bfc0146f4b66,1,,"Sempre compro pela Internet e a entrega ocorre antes do prazo combinado, que acredito ser o prazo máximo. No stark o prazo máximo já se esgotou e ainda não recebi o produto.",08.04.18 00:00,09.04.18 12:22
19a52a2297e5289ab4187d238d335982,677c865b89aa97e7dbeb4bfbb50bbcfd,5,,,25.08.18 00:00,26.08.18 22:02
c92cdd7dd544a01aa35137f901669cdf,37e7875cdce5a9e5b3a692971f370151,4,Muito bom.,"Recebi exatamente o que esperava. As demais encomendas de outros vendedores atrasaram, mas esta chegou no prazo.",07.06.18 00:00,09.06.18 18:44
c0f4c8301f8c29d6f53d239e194bb4c2,04db86e3493b3724ac4bd3c9a397e23c,5,,,12.09.17 00:00,13.09.17 14:33
08c9d79ec0eba1d252e3f52f14b8e6a9,e029f708df3cc108b3264558771605c6,5,Bom,"Recomendo ,",13.06.18 00:00,13.06.18 22:54
2170c9452c2216457b36003fe2969fbb,af32671d0b8ce510a94d9111d97371d3,5,,muito boa ,22.03.18 00:00,30.03.18 23:37
b193ff3c9f32a01f3a0d9ae26b94d244,e2e6ee1ed2d7f2f36b05d234983bd7a0,5,Maravilhoso!,"Tô completamente apaixonada, loja super responsável e confiável!",10.08.18 00:00,11.08.18 00:22
9fd59cd04b42f600df9f25e54082a8d1,3c314f50bc654f3c4e317b055681dff9,1,,Nada de chegar o meu pedido.,21.04.17 00:00,23.04.17 05:37
ab3056e4fb5a36df4b58c1746e4a6b8f,aad1dcbe4c9fe2e3486e5e04c6649097,2,,,13.05.18 00:00,14.05.18 16:29
eb26c2bfb5030f57dcef30d3f111eb1e,88096595631e8d26b658306256e3ce34,1,,,08.02.18 00:00,10.02.18 04:28
caf7d6d68090fedf0f47b27aff4b4eaf,c186ebe3937470a2f562a2dc0bc74dd7,5,,,05.12.17 00:00,07.12.17 23:34
86c5cfa7fcbde303f704b60a78ced7d6,a6456e781cb962cc3f412b04de4fed7b,5,Entrega perfeita,Muito bom. muito cheiroso.,13.06.18 00:00,14.06.18 17:29
6f3eb43ec2f5092cf04c8d705864a8ac,f3a9c397a2fa5a2366b4b96bc15737f6,5,,,11.03.18 00:00,14.03.18 00:38
3dc0777d97733a1d066f5b781e91577f,44a9994228432b835c3a4e720b6a41ab,4,,,29.03.18 00:00,31.03.18 00:13
e363a3c172db72d6a8b82d0726cd2ddb,1a36784e5c696071dad8a242f26b230f,5,,,25.01.18 00:00,18.02.18 23:03
890ec1767be8eb104877db6d68eaade5,b3271f5ebce80cbecb67c5b88487a44a,5,,"otimo vendedor chegou ate antes do prazo , adorei o produto",13.05.17 00:00,14.05.17 02:57
23f570a1b0db9566bee04521a0410c54,82c5edeff15e09a0460d292874766132,5,,,22.09.17 00:00,23.09.17 13:57
7d9ac3e98adc0c8ad579e6a2257d79f9,dfa48852c93427261c98fb2e01f33bea,5,,Processo de compra tranquilo e eficiente.,24.04.18 00:00,25.04.18 16:01
c41bd21983e298a240410ebb391bf075,9562b424b05978a493db2a5122ecab1f,5,,Tomara q dure pois é de pelinho.,19.05.17 00:00,21.05.17 03:04
e233e51d11511bf30e568c76360ace52,548df2c6e5f089574614894bca78acf5,1,,recebi somente 1 controle Midea Split ESTILO.,,
"""Faltou Controle Remoto para Ar Condicionado Consul""""""",28.01.18 00:00,04.02.18 11:06,,,28.01.18 00:00,04.02.18 11:06
1a74d76543e1b419b48daebee364c281,14861b02076ed7da9471988265a0104b,5,,,14.07.18 00:00,16.07.18 20:09
1edd1a85161468a77e5fcb165be9b294,d8e17cc85323061493b16b68a130bcff,5,Ótimo,,02.06.18 00:00,02.06.18 23:15
94c4db81ff5c234f53b54a15a8a41583,3fb155b4897652f5cdf1b5efff32a465,5,,,15.12.17 00:00,17.12.17 14:43
3d94fd645cdaacc8c9f0dc0a2a1f5166,4d483bf690ca21bdc005df9b623673c7,5,,boa,21.03.17 00:00,22.03.17 00:58
cb6fe4f91f83d9222b7c8e14959055e1,84226f5c73669d7711ca44aa9cac602a,3,,,10.05.18 00:00,13.05.18 22:51
45a523faa4defdf60118a90301b8a23e,26c4ac9998f72d4fcdca3c6e27089f1b,3,,,27.10.17 00:00,27.10.17 16:12
6eab2c9b7ea4975a0b0357a4c464b356,55101b36a58251926b6cbfdb540c0461,4,,,31.05.18 00:00,04.06.18 23:44
500c05500aa275953129f49799ee5c73,8a9424899aac432d80d8e580932b5ee9,5,MT lindo,MT lindo,25.07.18 00:00,25.07.18 21:37
399133d47ddc5f40df57c1ceba4e4540,603d76b730c972775ccf2a910bf23490,5,,,03.04.18 00:00,03.04.18 23:39
6a0969d0769d2f3ff6438809a1cc455e,32638fbca8d1a197e649fd5138e12049,5,,Ocorreu tudo como contratado sendo a entrega realizada antes do prazo ,,
 Estou satisfeita,,,,,,
,02.06.17 00:00,03.06.17 13:12,,,02.06.17 00:00,03.06.17 13:12
ca7402594d96f3231ee1bbae27da1e29,36782087b0d4f8cd6daa340872006259,5,,,20.02.18 00:00,21.02.18 01:40
c0dbf9a325d2a2fece43873be47191e1,b324f4270850cbba23533b9a9d3434a9,4,,"Ótima loja para parceria: rápidíssima, produtos bem embalados e de qualidade! Só o custo do frete que foi meio azedo.",04.04.18 00:00,06.04.18 15:43
9924ac6169f2edc95ca3394e529f9580,a3ba7fa5266d62188949da3d6ccc3884,5,,,27.02.18 00:00,02.03.18 08:33
e12a8d938f3092e010627d001f91d137,b3dca2e199b13ddabab4ed77d79ee9f6,5,,,03.06.18 00:00,06.06.18 12:41
109b5ce2dd11bb8460eff3b86da6fefc,25362fbf6aac4b01a28dee1e076acc26,5,Ótimo Produto! ,Recomendo o vendedor... ,17.08.18 00:00,17.08.18 21:47
6d06808638ec0701bccd70bc8d462c28,97d2f8fe76f2f253b8291e17b5383884,1,,"O produto não chegou no prazo estipulado e causou transtorno, pq programei a viagem de férias do meu filho, baseado no prazo. Moro na Bahia e ele em Cuiabá sozinho. Agora, a casa está vazia. ",09.12.16 00:00,19.12.16 14:10
750d4311e8ddb6cba549ee86f06f0cca,4b32a4cdfc1b80066a8ee3a4b7a2094f,5,,"Produto entregue como solicitado, e com muita brevidade. Parabéns!",,
,09.08.17 00:00,09.08.17 12:03,,,09.08.17 00:00,09.08.17 12:03
77ed4f94b3638d1f0b0a2dd781c11a8c,5f8772295e1adb4e4832c988d6b631b6,5,,,10.04.18 00:00,12.04.18 10:28
2a3eba09af2fbcd3a20580e62e7b7465,366df9c0b0d5d46f8afc476dc4ca7671,4,,,31.01.18 00:00,01.02.18 02:09
8b230a1373c6dc4bd867099fda1d7039,071251fe3b3493294536f03737a8a679,3,,Eu comprei duas unidades e só recebi uma e agora o que faço?,09.11.17 00:00,10.11.17 10:38
4a1c0e7a111f33f2be53506db4887b1a,0feb8ce954124d3e3d8338c573a9c523,5,,,28.08.18 00:00,29.08.18 02:00
cb2fc3e5711b5ae85e0491ee18af63ed,34e6d418f368f8079ae152bc178bc66a,3,,"Produto bom, porém o que veio para mim não condiz com a foto do anúncio.",31.01.18 00:00,31.01.18 23:29
60c714ed14cef913944a3147094a4742,9ac05114800f02bfaa783bd76842dbe2,1,,"Produto muito inferior, mal acabado.",03.07.18 00:00,05.07.18 19:03
b42460e68676135205af8b8c13baf6ae,5b2e79428198e5ce482f9ec1bd1014c3,5,,,29.07.17 00:00,01.08.17 18:43
505587fad6e7130f579fe9f02017ede4,64ff87188034c4f3dcd52e63db7d045f,4,,,14.06.18 00:00,18.06.18 22:53
c45811d9f90e22a81155b3a1e4a5c2e8,491f193fc52075598871cfe6f19976d4,5,RECOMENDO SEMPRE!!,O kit mochila patrulha canina é lindo!! Meu netinho vai amar!! Obrigada!!,19.06.18 00:00,19.06.18 17:44
e29ab4a671400c41322e4855de633c6a,17b296b73ebefd6213299342b09f097f,5,,Maravilha ,09.08.17 00:00,11.08.17 23:28
c577faa817a66c6f1492728435f53cd0,97e11582eb8cdd7b83e35a4243d81f79,5,,,12.01.18 00:00,14.01.18 22:44
8c6537ae1519a3c0375e4fd45438344b,a9a75c64cb5e9f7bc92e68ec13f05c45,5,,,06.04.18 00:00,07.04.18 03:11
34e5d18f3bb64d586812f8f1d8b53097,bf6861804f97bcf7644f603c5bcf7784,4,,,31.03.17 00:00,01.04.17 23:43
5733e2aeeb52b99d044a2a3644e1305d,5abb6c1ea24afdc6e26076bfaa7539cb,5,,,23.02.18 00:00,23.02.18 11:06
a34d2c4ace97245460e240e07db0212d,9cd3b6a2b07667e425975a219b4fc382,5,,,15.05.18 00:00,20.05.18 13:57
9bdb93e1339cdbc9bbfd95c5df00f82b,72b9d86fe4e984d9879013b9ecbb25db,5,,,24.04.18 00:00,25.04.18 20:28
0bd4dcc4f6c4621baf37f73495cad8c4,a11cd01ac67beef7e8bf09740d8a35c1,3,,Entrega no prazo,23.03.17 00:00,23.03.17 21:20
888f11883ff85fa5c07e6ae1192d85c4,248907ae8054cb8e93d5aa44857779b4,5,,Cumpriu o prometido na compra e com o uma entrega em tempo satisfatório ,04.01.18 00:00,05.01.18 23:30
65dfeb60c40e3cbb0a1838285d86f885,a2714ecbf6eeb3bb9cd7dba6dc1c5e82,1,,Pedi reembolso e sem resposta até momento ,08.03.18 00:00,08.03.18 12:27
50a1eaa2f96d6f3e02d0cd68d92bab75,4a7cf245701068d38d441791b735e4bd,5,***** Recomendo,Super rápido.,10.05.18 00:00,11.05.18 03:08
1090909faae22e5ab76903e8493063f1,a1341cb83bbf1b47392f4a3685d56bad,1,,,07.03.18 00:00,07.03.18 15:32
7b2d3a4794961271f9150b21fecfeed0,2964eb001b521cc23017f1c007a6712b,5,,,06.04.18 00:00,08.04.18 18:42
31b63ea961f9f43c21209d729d1c78e5,46d2d651f006b9b9440d1aa37d89c894,5,,,17.08.18 00:00,31.08.18 03:13
4d36f8266245b00faebc520e9cd963c0,b1cc044d321053348a5e482ca7e6b2e3,2,,,17.03.18 00:00,17.03.18 09:29
71bc170a5ad41ee9dee95f82a17860a8,a90b081d0efa436e072d5328ecd904a4,5,,,03.08.17 00:00,03.08.17 23:40
c5be8de5421e658a45042d6ca6a4ff64,61665389f0cccf5ec8135e3b05efc714,5,,,12.12.17 00:00,13.12.17 22:58
0c8b57ea62de568f13a0e101d344977e,41bc5a3d34a8e4ef91b2e7d9500694cf,5,,,12.07.17 00:00,13.07.17 01:02
edfbad2944ea758725486c3bbcd04f49,9d2aa61b374fac5dd063f36fefa602e1,3,,,28.03.18 00:00,31.03.18 03:25
bbf6c18e7c5a88b6adcb69af3b971207,828a705e0645673b538e803ca75a29b6,5,,,31.10.17 00:00,06.11.17 18:43
436f71c9cc0c1aab7f51dc0cd0820516,c676e726f8a14a9527b41b9dc50ca1bc,5,,Satisfeito,,
,22.11.17 00:00,22.11.17 14:45,,,22.11.17 00:00,22.11.17 14:45
b83bcebb69cf373474b4cc3b10eb0bcc,c5d9ec893ee95eb55c4fa513cc606582,4,,,13.12.17 00:00,15.12.17 14:41
97d4feff1fd7129bee6cde095b9dac2a,b4039fffc67d7a5a75a3ba881d75e402,5,,estao de parabens... sempre chega com muiiita antecedencia..,,
,,,,,,
"""Muito obrigada.... """"""",24.06.17 00:00,29.06.17 13:48,,,24.06.17 00:00,29.06.17 13:48
352609f0f2d34ce5d3b8de817ee948d5,96b947c986b42f213c9e6b8ccccedb89,3,Não recebi o produto.,,25.08.18 00:00,25.08.18 20:53
28f275d52ccd8b6614b71430481450fd,7ed1923ef9c8ce180035acd26a2d8eae,5,,,21.06.18 00:00,21.06.18 20:33
d23ac17822a812782cf7f848b2a8b38b,705402bc1d956067338873d414158d09,1,,,22.04.18 00:00,26.04.18 10:25
52844d80504646db0b746167070b9db0,6f0d22f1ac98ca3892d88dd39842fc3f,5,,,10.05.18 00:00,11.05.18 11:56
1692078634b63c7f25aa90ee746ec498,5bc4e94aef2841f392fb6fe7ceef69b6,5,OTIMO,OK RECOMENDO,23.05.18 00:00,28.05.18 12:48
7df70380ca80dea85f0a7f1f57fa2f87,83177602aad708cea549501386b021c6,5,,,30.01.18 00:00,30.01.18 18:19
ff722b4c68783a4459a3adb9bb4e1d0d,b8702f50a689621ab21ef200b55a5b8d,3,,"Produto chegou, mas meu PC não conseguiu reconhecer as portas USB.",16.01.18 00:00,18.01.18 23:25
8055e963f26f70c406ca517b2c2848e6,9218ec94cd0d96e4c3e6b8c1504aa8dc,5,,"Produto de muito boa qualidade, chegou antes do prazo prometido",17.12.17 00:00,19.12.17 17:31
7404a400814a04b9776eb50e1ef725d8,a14f7f38d99c7aba5db1566db11660a2,5,,,24.10.17 00:00,25.10.17 10:02
c2babb5fd0e3e13707274820a7227d25,0193a99edc8c599aaa16f9b9e991efb8,5,,,02.08.18 00:00,03.08.18 04:55
e128c3709dfb7fe87f162f7b34d1cc92,f04e5abb2044dbb28bbdd9aa470e4e8a,5,,,16.03.18 00:00,17.03.18 02:34
ae728c1061bf163b4bd256ad9ee0bb83,45c780334bc32cb77559a65c5f171160,1,,Este foi o pedido,,
Balde Com 128 Peças - Blocos De Montar 2 un - R$ 25,00 cada (NÃO FOI ENTREGUE),,,,,
Vendido e entregue targaryen,,,,,,
Tapete de Eva Nº Letras 36 Peças Crianças 1 un - R$ 35,"""90 (ESTE FOI ENTREG""""""",04.01.18 00:00,10.01.18 09:52,,04.01.18 00:00,10.01.18 09:52
41926e45719f9b923357ea3bb222195f,1601df22ba2f78168443e6f729e74868,5,,Entrega muito rápida,,
"""Parabéns""""""",29.08.17 00:00,29.08.17 21:06,,,29.08.17 00:00,29.08.17 21:06
2dfefb93bf83b269520fd5b13c917c31,394dd790418f78501396d1a2912d74ff,5,,,26.10.17 00:00,26.10.17 23:46
f195f1c82cc4be5839a1a3a2babf3a50,bcaff5892a4def087ea5036d6b89b9db,5,,,10.01.18 00:00,17.01.18 21:43
72730619a00e0ecdecf0a4ff862d8996,af76a45a10524549102e010f2bd9d3cd,1,,comprei tres pacotes de cinco folhas cada de papel transfer para tecido escuro e so recebi dois,07.11.17 00:00,08.11.17 21:54
ba3e82857e13ba647e843f5a4ade76c1,ebcb12dc163784a4dad2cddb8feb64aa,4,,,26.06.18 00:00,26.06.18 19:47
c5d83c2523ef15209c8faf5133a7bafb,7eba0b6b5cb480d65416e26e2528d250,4,,"Estava faltando apenas um produto, eu recebi hoje , muito obrigada!",,
Tudo certo!,,,,,,
,,,,,,
Att ,,,,,,
,,,,,,
"""Elenice.""""""",16.12.17 00:00,19.12.17 23:21,,,16.12.17 00:00,19.12.17 23:21
5b713e49352337557efe509b2e801183,93e87829bab4127b8692f52a73df4284,1,,,23.11.17 00:00,23.11.17 10:32
4e18511741b7ba8896f192fae5858e0a,e7ec2ee871d40f0b32fb471cb07ad239,4,,,13.07.18 00:00,16.07.18 01:34
ba7e2a294a1c84d89bb8346d5343b74e,2ec63bd84c4e873ee8bf8786f4942673,5,,,27.07.17 00:00,27.07.17 23:51
ad0fb518df54cbb079834b68141941ee,cd2457140ff84327d7d7030053b80fce,4,,,10.08.18 00:00,14.08.18 23:35
deb68e90fe56fe23b61f76e429516f26,9d7ab082d6d8a4b069683e5a77db1261,5,,,14.09.17 00:00,15.09.17 11:40
766fc608e4f2683020fb0a121d9db23e,77fc7da5ef4df2c48276ae832072dcf1,5,,"A bolsa térmica além de linda é super espaçosa . Produto de acordo com o anunciado e a entrega super rápida , entregou bem antes do prazo .",10.01.18 00:00,11.01.18 07:47
5c37d7ba6ef2f031c34bb4fda3454018,bbd1b9ebbc5a09d51caaa2d10e0f93b5,2,,Demorou de mais pra entrega ,17.12.17 00:00,17.12.17 12:14
e9cb7f668e6443a90158f7f9c90ab0f5,b98e145c0cd94f225072aa0e619d5d8f,5,,,27.12.17 00:00,01.01.18 18:45
83414f98136ce687f7eb69e555b2519c,36e05888e17fa68e55b13477d9b53d3e,5,,super rapido a entrega .... chegou antes da data... ,24.10.17 00:00,25.10.17 19:36
46d8249ea59101c7288936c3e6f155d7,f25ddb6cd62d720a5d91fff80467930a,3,Entrega atrasou,A entrega foi dividida em duas. Não houve comunicado do loja. Cheguei a pensar que só haviam enviado parte do produto. ,20.01.18 00:00,15.05.18 00:45
346317f9aff540395fe46893611854f8,546ffb713086001ce9f0009158f88b73,1,,Não funciona não faz sincronismo,17.09.17 00:00,18.09.17 23:39
2685a4800004a12ec09d27264ff1915f,5c973d2b4652e1dec15353b59339f3b4,5,,Recomendo a todos os clientes,22.10.16 00:00,26.10.16 17:47
